insert into `user` values
('user01', 'Taro','2022-06-30T06:50:00','2022-06-30T06:50:00'),
('user02','Shohei','2022-06-30T06:50:00','2022-06-30T06:50:00'),
('user03','Akari','2022-06-30T06:50:00','2022-06-30T06:50:00'),
('user04','Jun','2022-06-30T06:50:00','2022-06-30T06:50:00'),
('user05','Ryo','2022-06-30T06:50:00','2022-06-30T06:50:00'),
('user06','Kenji','2022-06-30T06:50:00','2022-06-30T06:50:00'),
('user07','Takashi','2022-06-30T06:50:00','2022-06-30T06:50:00'),
('user08','Yusuke','2022-06-30T06:50:00','2022-06-30T06:50:00'),
('user09','Ichiro','2022-06-30T06:50:00','2022-06-30T06:50:00'),
('user10','Kentaro','2022-06-30T06:50:00','2022-06-30T06:50:00'),
('user11','Go','2022-06-30T06:50:00','2022-06-30T06:50:00'),
('user12','Emily','2022-06-30T06:50:00','2022-06-30T06:50:00'),
('user13','Miku','2022-06-30T06:50:00','2022-06-30T06:50:00'),
('user14','Chihiro','2022-06-30T06:50:00','2022-06-30T06:50:00'),
('user15','Kakeru','2022-06-30T06:50:00','2022-06-30T06:50:00');

insert into game values
('game01','pokemon','2022-07-01T06:40:00','2022-07-01T06:40:00'),
('game02','dragon quest','2022-07-01T06:40:00','2022-07-01T06:40:00'),
('game03','monster hunter','2022-07-01T06:40:00','2022-07-01T06:40:00'),
('game04','apex','2022-07-01T06:35:00','2022-07-01T06:35:00'),
('game05','candy crash','2022-07-01T06:40:00','2022-07-01T06:40:00');

insert into user_like_game values
('user_like_game01','user01','game01','2022-07-01T07:35:00','2022-07-01T07:35:00'),
('user_like_game01','user01','game02','2022-07-01T07:35:00','2022-07-01T07:35:00'),
('user_like_game01','user01','game04','2022-07-01T07:35:00','2022-07-01T07:35:00'),
('user_like_game01','user01','game05','2022-07-01T07:35:00','2022-07-01T07:35:00'),
('user_like_game02','user02','game01','2022-07-01T07:35:00','2022-07-01T07:35:00'),
('user_like_game02','user02','game03','2022-07-01T07:35:00','2022-07-01T07:35:00'),
('user_like_game02','user02','game05','2022-07-01T07:35:00','2022-07-01T07:35:00'),
('user_like_game02','user03','game01','2022-07-01T07:35:00','2022-07-01T07:35:00'),
('user_like_game02','user03','game03','2022-07-01T07:35:00','2022-07-01T07:35:00'),
('user_like_game02','user04','game01','2022-07-01T07:35:00','2022-07-01T07:35:00'),
('user_like_game02','user05','game01','2022-07-01T07:35:00','2022-07-01T07:35:00'),
('user_like_game02','user06','game04','2022-07-01T07:35:00','2022-07-01T07:35:00'),
('user_like_game02','user07','game01','2022-07-01T07:35:00','2022-07-01T07:35:00'),
('user_like_game02','user07','game03','2022-07-01T07:35:00','2022-07-01T07:35:00'),
('user_like_game02','user07','game05','2022-07-01T07:35:00','2022-07-01T07:35:00'),
('user_like_game02','user08','game02','2022-07-01T07:35:00','2022-07-01T07:35:00'),
('user_like_game02','user08','game04','2022-07-01T07:35:00','2022-07-01T07:35:00'),
('user_like_game02','user09','game02','2022-07-01T07:35:00','2022-07-01T07:35:00'),
('user_like_game02','user10','game02','2022-07-01T07:35:00','2022-07-01T07:35:00'),
('user_like_game02','user11','game01','2022-07-01T07:35:00','2022-07-01T07:35:00'),
('user_like_game02','user11','game03','2022-07-01T07:35:00','2022-07-01T07:35:00'),
('user_like_game02','user11','game04','2022-07-01T07:35:00','2022-07-01T07:35:00'),
('user_like_game02','user12','game01','2022-07-01T07:35:00','2022-07-01T07:35:00'),
('user_like_game02','user12','game02','2022-07-01T07:35:00','2022-07-01T07:35:00'),
('user_like_game02','user12','game03','2022-07-01T07:35:00','2022-07-01T07:35:00'),
('user_like_game02','user12','game04','2022-07-01T07:35:00','2022-07-01T07:35:00'),
('user_like_game02','user12','game05','2022-07-01T07:35:00','2022-07-01T07:35:00'),
('user_like_game02','user13','game01','2022-07-01T07:35:00','2022-07-01T07:35:00'),
('user_like_game02','user13','game02','2022-07-01T07:35:00','2022-07-01T07:35:00'),
('user_like_game02','user14','game01','2022-07-01T07:35:00','2022-07-01T07:35:00'),
('user_like_game02','user15','game02','2022-07-01T07:35:00','2022-07-01T07:35:00'),
('user_like_game02','user15','game03','2022-07-01T07:35:00','2022-07-01T07:35:00'),
('user_like_game02','user15','game05','2022-07-01T07:35:00','2022-07-01T07:35:00');